Email,Actual,Predicted,Confidence
protected mail request dptbzwo do not show this anyone hubert kathreen email,Spam,Non-Spam,50.40451298136615
loans for any purpose even if you have bad credit tenants welcome call noworriesloans com on number,Spam,Non-Spam,55.82581253014383
you will be receiving this week s triple echo ringtone shortly enjoy it,Spam,Non-Spam,55.82139276186685
rct thnq adrian for u text rgds vatian,Spam,Non-Spam,53.82981843875309
themob hit the link to get a premium pink panther game the new no number from sugababes a crazy zebra animation or a badass hoody wallpaper all number free,Spam,Non-Spam,58.15453913538824
you will recieve your tone within the next number hrs for terms and conditions please see channel u teletext pg number,Spam,Non-Spam,57.27804293257045
create thousands of links to your website how would you like number million sites linking to your ad weblog or blog population is exploding around the world resembling the growth of e mail users in the number s post your ads where people read them what if you could place your ad on all these sites right that would mean you would have millions of sites linking to your ad url unsubscribe url blogblaster email,Spam,Non-Spam,54.554127279138875
romcapspam everyone around should be responding well to your presence since you are so warm and outgoing you are bringing in a real breath of sunshine,Spam,Non-Spam,59.78675879447485
themob yo yo yo here comes a new selection of hot downloads for our members to get for free just click open the next link sent to ur fone,Spam,Non-Spam,59.40118171463955
make calls in style with an iphone number g owed itself no it s only indigestion say it s only indigestion say so mary say and the little princess began to cry capriciously like a suffering child and to wring her little hands even with some affectation princess mary ran out of the room to fetch mary bogdanovna mon dieu mon dieu oh she heard as she left the room the midwife was already on her way to meet her rubbing her small plump white hands with an air of calm importance mary bogdanovna i think it s beginning said princess mary looking at the midwife with wide open eyes of alarm well the lord be thanked princess said mary bogdanovna not hastening her steps you young ladies should not know anything about it but how is it the doctor from moscow is not here yet said the princess in accordance with lise s and prince andrew s wishes they had sent in good time to moscow for a doctor and were expecting him at any moment no matter princess don t be alarmed said mary bogdanovna we ll manage very well without a doctor apple product offer email,Spam,Non-Spam,65.94738140737275
hi ya babe x u number goten bout me scammers getting smart though this is a regular vodafone no if you respond you get further prem rate msg subscription other nos used also beware,Spam,Non-Spam,79.1120786347213
would you like to see my xxx pics they are so hot they were nearly banned in the uk,Spam,Non-Spam,58.053579232345534
hello darling how are you today i would love to have a chat why dont you tell me what you look like and what you are in to sexy,Spam,Non-Spam,71.56747200137036
take paid phone surveys number number per survey how would you like to make number number every single day just for clicking your mouse this program is a must for stay at home moms or dads people who are retired anyone who needs extra money but has little time to spend students who need extra income anyone who needs to stay home but needs an income all you have to do is click your mouse url unsubscribe url clicked cash email,Spam,Non-Spam,61.01521331943411
error xjdehix thanks chrisse no l email,Spam,Non-Spam,58.631582193239026
contact kelvin white your payment of number number eight hundred thousand us dollars hello my good friend how are you today hope all is well with you and your family you may not understand why this mail came to you but if you do not remember me you might have receive an email from me in the past regarding a multi million dollar business proposal which we never concluded i am using this opportunity to inform you that this multi million dollar business has been concluded with the assistance of another partner from germany who financed the transaction to a logical conclusion i thank you for your great effort to our unfinished transfer of fund into your account due to one reason or the other best known to you but i want to inform you that i have successfully transferred the fund out of my bank to my new partner s account in germany that was capable of assisting me in this great venture due to your effort sincerity courage and trust worthiness you showed during the course of the transaction i want to compensate you and show my gratitude to you with the sum of number number i have left a certified international bank draft for you worth of number number cashable anywhere in the world eight hundred thousand us dollars my dear friend i will like you to contact my account officer with heritage bank plc kelvinwhite on his direct email address at email for the collection of your bank draft i authorized him to release the bank draft to you whenever you contact him regarding for it at the moment i m very busy here because of the investment projects which i and the new partner are having at hand please i will like you to accept this token with good faith as this is from the bottom of my heart also comply with mr phil s directives so that he will send the draft to you without any delay contact kelvin white account officer cotonou benin republic his email address email tel number kelvin white email,Spam,Non-Spam,57.12456145840786
tbs persolvo been chasing us since sept for number definitely not paying now thanks to your information we will ignore them kath manchester,Spam,Non-Spam,55.26160309612674
escape to las vegas for the weekend got up and at that moment he felt that something superfluous was hanging on his benumbed left arm the wrist felt as if it were not his he examined his hand carefully vainly trying to find blood on it ah here are people coming he thought joyfully seeing some men running toward him they will help me in front came a man wearing a strange shako and a blue cloak swarthy sunburned and with a hooked nose then came two more and many more running behind one of them said something strange not in russian in among the hindmost of these men wearing similar shakos was a russian hussar he was being held by the arms and his horse was being led behind him it must be one of ours a prisoner yes can it be that they will take me too who are these men thought rostov scarcely believing his eyes can they be french he looked at the approaching frenchmen and though but a moment before he had been galloping to get at them and hack them to pieces their proximity now seemed so awful that he could not believe his eyes who are they why are they running can they be coming at me and why to kill me me whom everyone is so fond of he remembered his mother s love for him and his family s and his friends and the enemy s intention to kill him seemed impossible but perhaps they may do it for more las vegas vacations email,Spam,Non-Spam,59.3260444340309
looking for remedy we are the best source our cialis wont break your wallet senior fellow and faculty member james macgregor burns academy of leadership university of maryland board of directors maryland association of counties eastern regional representative national association of black county officials former director of education close up foundation former president maryland municipal league karthikeyan is a popular tamil name which is also name of the god karthikeyan or murugan the second son of lord url however only hours later he said that i ve got much more to do than cultivating a football squad for the at its launch in number rosko initially recorded shows in france for the midday spin programme on his first midday spin show rosko introduced himself like i am the emperor the geeter with the heater your leader your groovy host from the west coast here to clear up your skin and mess up your mind it ll make you feel good all over he highlighted the new motown reggae and rock music claretta email,Spam,Non-Spam,52.63738083150423
re lwv healthcare millions with chronic illness go untreated ny times interesting comments i have high blood pressure which is under control by medication i am in the process of trying to get short term coverage as my husband just turned number and his other insurance has expired that we got through a board he was on he is now on medi care and i will be as of december we are trying to purchase short term insurance for me until december number st until my medi care kicks in and my high blood pressure even though it is under control and has been for awhile is an issue the insurance agent has been very helpful but mentioned hippa yesterday all of this trouble for just three short months of coverage sharon holdt lwv oc ca email wrote this paper shows us that it may be helpful rather than look at the entire number million uninsured to break that down and look separately at that portion that has diabetes or that portion that has hypertension it opens up the discussion to new and better ideas for how to offer affordable insurance in my opinion there should be a community center where diabetics could go to get a supply of insulin or syringes or strips or glipizide etc at a minimal cost when they run out of medicines at this center the a number c test can be done by fingerstick many of these patients use walmart s number list to get glipizide or metformin also walmart has a lower price wal mart brand insulin product we could try a cooperative agreement between the local county or state government and the local wal mart to hold these clinics in the wal mart store and use the medicines off the number list this would also highlight the problem that the cost of insulin and glucometer strips needs to be brought down somehow it is a puzzle to me why there is no low cost generic insulin if the basic day to day needs of the diabetic and hypertensive patients can be handled in this way then maybe the insurance companies could come up with an affordable plan for catastrophic coverage from email date number number number tue pm number number number cdt to lwv healthcare subject lwv healthcare millions with chronic illness go untreated ny times august number number millions with chronic disease get little to no treatment by reed abelson millions of americans with chronic disease like diabetes or high blood pressure are not getting adequate treatment because they are among the nation s growing ranks of uninsured that is the central finding of a new study to be published tuesday in the medical journal annals of internal medicine the study the first detailed look at the health of the uninsured estimates that about one of every three working age adults without insurance in the united states has received a diagnosis of a chronic illness many of these people are forgoing doctors visits or relying on emergency rooms for their medical care the study said the report based on an analysis of government health surveys of adults ages number to number years old estimated that about number million of the number million people without insurance in number the latest year of the study had received a chronic condition diagnosis these are people who with modern therapies can be kept out of trouble said dr andrew p wilper the study s lead author therapies for someone with diabetes and hypertension are routine and widely available if you have insurance said dr wilper a medical instructor at the university of washington in seattle the most recent government estimate of the number of people in this country without health insurance is number million which means that if the proportions found in the study have remained constant there might be nearly number million people in this country with a chronic condition but no insurance to pay for medical care nearly a quarter of the uninsured with a chronic illness who were surveyed said they had not visited a health professional within the last year about number percent said they typically went to a hospital emergency room for care a lot of people are suffering from a lack of health insurance said dr steffie woolhandler another of the study s authors who is a physician and associate professor of medicine at harvard people with high blood pressure for example are at risk for catastrophic medical events like a stroke if they are not getting the drugs they need or having a doctor monitor their disease said karen davis the president of the commonwealth fund the fund a foundation in new york that specializes in health care research has done its own research into the lack of adequate medical care among the uninsured the study being published tuesday may have underestimated exactly how many people who are uninsured have a chronic illness because it includes only those who have already received such a diagnosis the authors said individuals who have not had their conditions diagnosed because they are not seeing a doctor or nurse are not included the study s authors say that their findings cast doubt on the common assumption that many of the uninsured tend to be young and healthy requiring little in the way of medical care because so many actually have chronic conditions that may be expensive to treat the cost of covering the uninsured is often underestimated said dr woolhandler who advocates a nationalized system of health care in massachusetts she said the state s effort to overhaul its health insurance system to cover more residents is costing much more than expected and has not led to universal coverage because policy makers assumed that more people would be healthy the state experiments have all failed because of cost she said the study describes harsh consequences for neglecting easily treatable diseases in so many people for some of the number number million uninsured americans with serious chronic conditions access to care seems to be unobtainable many may face early disability and death as a result the study s authors said looking for a car that s sporty fun and fits in your budget read reviews on aol autos you are currently subscribed to lwv healthcare as email to unsubscribe send a blank email to email you are currently subscribed to lwv healthcare as email to unsubscribe send a blank email to email you are currently subscribed to lwv healthcare as email to unsubscribe send a blank email to email email,Spam,Non-Spam,71.69079857103992
burger king wanna play footy at a top stadium get number burger king before number st sept and go large or super with coca cola and walk out a winner,Spam,Non-Spam,57.806104353790346
do you realize that in about number years we ll have thousands of old ladies running around with tattoos,Spam,Non-Spam,63.65981307923598
hi babe its chloe how r u i was smashed on saturday night it was great how was your weekend u been missing me sp visionsms com text stop to stop number p text,Spam,Non-Spam,58.71814825372495
this message is brought to you by gmw ltd and is not connected to the,Spam,Non-Spam,59.0597005646433
a link to your picture has been sent you can also use url,Spam,Non-Spam,63.80453719483796
partnership in re profiling i am robert taylor director at kleinwort benson private bank the private banking arm of dresdner bank which in turn is a subsidiary of german insurance giant allianz i am contacting you concerning a deceased customer and an investment he placed under our banks management number years ago i would respectfully request that you keep the contents of this mail confidential and respect the integrity of the information you come by as a result of this mail i contact you independently and no one is informed of this communication i would like to intimate you with certain facts that i believe would be of interest to you in number the subject matter came to our bank to engage in business discussions with our private banking division he informed us that he had a financial portfolio of number number million british pounds sterling which he wished to have us turn over invest on his behalf i was the officer assigned to his case i made numerous suggestions in line with my duties as the de facto chief operations officer of the private banking sector especially given the volume of funds he wished to put into our bank we spun the money around various opportunities and made attractive margins for our first months of operation in january number he asked that the money be liquidated because he needed to make an urgent investment requiring cash payments he directed that i liquidate the funds and have it deposited with a security firm i informed him that kleinwort benson private bank would have to make special arrangements to have this done i explained to him the complexities of the task he was asking of us large cash movements have become especially strict since the incidents of number number i contacted my affiliate and had the funds available as he had requested i undertook all the processes and made sure i followed his precise instructions to the letter and had the funds deposited with a security consultancy firm this security firm is an especially private firm that accepts deposits from high net worth individuals and blue chip corporations that handle valuable products or undertake transactions that need immediate access to this small and highly private organization is familiar especially to the highly placed and well connected organizations in line with instructions the money was deposited with them he told me he wanted the money there in anticipation of his arrival from norway later that week this was the last communication we had this transpired around number th february number in october last year we got a call from the security company informing us of the inactivity of that particular portfolio this was an astounding position as far as i was concerned given the fact that i managed the private banking sector i was the only one who knew about the deposit at the security company and i could not understand why our client had not come forward to claim his deposit i made futile efforts to locate him i immediately passed the task of locating him to the internal investigations department four days later information started to trickle in apparently our man was dead a person who suited his description was declared dead of a heart attack in canne south of france we were soon enough able to confirm all of this including cause of death the bank immediately launched an investigation into possible surviving next of kin to alert about the situation and also to come forward to claim his estate if you are familiar with private banking affairs those who patronize our services usually prefer anonymity but also some levels of detachment from conventional processes in his bio data form he listed no next of kin in the field of private banking opening an account with us means no one will know of its existence accounts are rarely held under a name depositors use numbers and codes to make the accounts anonymous this bank even gives the choice to depositors of having their mail sent to them or held at the bank itself ensuring that there are no traces of the account and as i said rarely do they nominate next of kin private banking clients apart from not nominating next of kin also usually in most cases leave wills in our care in this case our now deceased client died in testate in line with our internal processes for account holders who have passed away we instituted our own investigations in good faith to determine who should have right to claim the estate this investigation has for the past months been unfruitful we have scanned every continent and used our private investigation affiliate companies to get to the root of the problem it is this investigation that resulted in my being furnished with your details as a possible relative of the deceased my official capacity dictates that i am the only party to supervise the investigation and the only party to receive the results of the investigation it is quite clear now that our dear fellow died with no known or identifiable family members this leaves me as the only person with the full picture of what the prevailing situation is in relation to the deposit and the late beneficiary of the deposit according to practice the security company will by the end of this year broadcast a request for statements of claim to kleinwort benson private bank failing to receive viable claims they will most probably revert the deposit to kleinwort benson private bank this will result in the money entering the kleinwort benson private bank accounting system and the portfolio will be out of my hands and out of the private banking division this will not happen if i have my way what i wish to relate to you will smack of unethical practice but i want you to understand something it is only an outsider to the banking world who finds the internal politics of the banking world aberrational the world of private banking especially is fraught with huge rewards for those who sit upon certain chairs and oversee certain portfolios you should have begun by now to put together the general direction of what i propose there is number number number number deposited in a security company i alone have the deposit details and they will release the deposit to no one unless i instruct them to do so i alone know of the existence of this deposit for as far as kleinwort benson private bank is concerned the transaction with the late customer concluded when i sent the funds to the security company all outstanding interactions in relation to the file are just customer services and due process the security company has no single idea of what s the history or nature of the deposit they are simply awaiting instructions to release the deposit to any party that i may direct this is the situation this bank has spent great amounts of money trying to track this man s family they have investigated for months and have found no family the investigation has come to an end my proposal i am prepared to instruct the security company to release the deposit to you as the closest surviving relation upon receipt of the deposit i am prepared to share the money with you in half that is i will simply nominate you as the next of kin and have them release the deposit to you we share the proceeds number number you with the same very name as the original depositor would easily pass as the beneficiary with right to claim i assure you that i could have the deposit released to you within a few days i will simply inform the bank of the final closing of the file relating to our late client i will then officially communicate with the security company and instruct them to release the deposit to you with these two things all is done the alternative would be for us to have the security company direct the funds to another bank with you as account holder this way there will be no need for you to think of receiving the money directly from the security company as it is not a conventional financial institution they accept deposits from only organizations thus what you hand over to them is what you get back they do not have the means to process the money we can fine tune this based on our interactions i am aware of the consequences of this proposal i ask that if you find no interest in this project that you should discard this mail i ask that you do not be vindictive and destructive if my offer is of no appeal to you delete this message and forget i ever contacted you do not destroy my career because you do not approve of my proposal you may not know this but people like myself who have made a tidy sum out of comparable situations run the whole private banking sector i am not a criminal and what i do i do not find against good conscience this may be hard for you to understand but the dynamics of my industry dictates that i make this move such opportunities only come ones way once in a lifetime i cannot let this chance pass me by for once i find myself in total control of my destiny this chance wont pass me by i ask that you do not destroy my chance if you will not work with me let me know and let me move on with my life but do not destroy me i am a family man and this is an opportunity to provide them with new opportunities there is a reward for this project and it is a task well worth undertaking i have evaluated the risks and the only risk i have here is from you refusing to work with me and alerting my bank i am the only one who knows of this situation good fortune has blessed you with a name that has planted you into the center of relevance in my life lets share the blessing if you find yourself able to work with me contact me through this email if you give me positive signals i will give you the relevant details and initiate this process towards a conclusion i wish to inform you that should you contact me via official channels i will deny knowing you and about this project i repeat i do not want you contacting me through my official phone lines nor do i want you contacting me through my official email account contact me only through my alternate email account email i do not want any direct link between you and i my official lines are not secure lines as they are periodically monitored to assess our level of customer care in line with our total quality management policy please observe this instruction religiously please again note i am a family man i have a wife and children i send you this mail not without a measure of fear as to what the consequences but i know within me that nothing ventured is nothing gained and that success and riches never come easy or on a platter of gold this is the one truth i have learned from my private banking clients do not betray my confidence i await your response sincerely robert taylor robert taylor email,Spam,Non-Spam,52.21170042648984
post your ad to thousands of feeds more and more people are subscribing to feeds every day and there are millions who are already subscribed thus your ad will reach a very broad range of potential customers with each use of feed blaster feed blaster is the first only submitter that can submit your ads to thousands of feeds within a few minutes post your ads where people read them what if you could place your ad into all these feeds right that would mean you would have millions of sites linking to your ad and millions of users reading your message within minutes and my idea actually works url unsubscribe url feedblaster email,Spam,Non-Spam,54.98295808086085
apprehend game culvert constructor valedictorian culvert sagacity pelt due pleat due playmate empress playmate stable ptarmigan pleat europium valedictorian wept elliptic cavern pleat dump consortium maggie augend ghana vera cavern europium sagacity redemption designate thesis empress europium game conformance sagacity vera augend beckon vent vent elliptic wept consortium thesis benedikt playmate vera fredericksburg sagacity malaprop henry bailey email,Spam,Non-Spam,54.773130438770934
sorry i missed your call let s talk when you have the time i m on number,Spam,Non-Spam,72.20790591371068
abreact exposure fuchsia lavoisier wheatstone pulsate debutante renown interest renown plain turntable lucretia interest archaic interest hollerith hoarfrost soothsay hamster sebastian sweatshirt johnstown hamster off sweatshirt fuchsia johnstown soothsay belittle turntable exposure fuel soothsay lengthy abreact johnstown down belittle interest fuchsia bladdernut renown attune osmotic down debutante exposure plain lad fuel johnstown fuel representative abreact faith huerta email,Spam,Non-Spam,50.46080653248101
how ya been we just need your confirmation for shipment url to minors was prohibited as well as displaying unlocked cans of paint in stores the latter to curb the common practice of pigment biology articles needing additional references from june number articles with unsourced statements since june number fact plant pigments absorption electromagnetic radiation albinism amaranth anthocyanin anthoxanthin antioxidant mai email,Spam,Non-Spam,53.594283067263326
email august deals save up to number off denise austin s morning stretch become a member learn more member sign in august number number olympian profile debbie phelps on her son s adhd swimmer michael phelps winner of six olympic gold medals was diagnosed with adhd at age number his mother discusses the challenges she and michael faced with his condition read the interview featured links get fit eat right feel great ask denise skin fit thanks for joining our mailing list email on number number number remove me from this list add me to this list manage my e mail settings contact customer service copyright number waterfront media inc all rights reserved number marshall street north adams ma number subject to our terms of service and privacy policy email,Spam,Non-Spam,63.74710547989713
how would you like number million sites linking to your ad how would you like number million sites linking to your ad weblog or blog population is exploding around the world resembling the growth of e mail users in the number s post your ads where people read them what if you could place your ad on all these sites right that would mean you would have millions of sites linking to your ad url unsubscribe url blogblaster email,Spam,Non-Spam,55.565749940918906
freemsg hey there darling it s been number week s now and no word back i d like some fun you up for it still tb ok xxx std chgs to send number number to rcv,Spam,Non-Spam,57.433388443841814
contemplate bruce aloof lyon perseverance straighten group put looseleaf methane comprehensive lyon infelicity promiscuity wilbur infelicity rune methane perforce defensible perseverance waddle regal onset put vs remus ecosystem crab winifred reservoir ecosystem hereford toledo contemplate carrion consonantal winifred put vs onset wilbur contemplate remus ail put straighten seventy put put bruce clockwork rune group carroll meghan dupree email,Spam,Non-Spam,59.698922420084344
guess who am i this is the first time i created a web page www asjesus com read all i wrote i m waiting for your opinions i want to be your friend number number,Spam,Non-Spam,71.47468345725457
